70GKB82HGS|Aint_No_Love_-_01_-_Gone_Already.mp3|Gone Already|1999
SMI92RTCYZ|Aint_No_Love_-_05_-_ReUp.mp3|ReUp|2000
9ZU1SN4IVF|Aint_No_Love_-_06_-_Champion_Babylon.mp3|Champion Babylon|2001
6Q7LQBA3KM|Black_Joe_Lewis__the_Honeybears_-_Bobby_Booshay_Live__KEXP.mp3|Bobby Booshay Live  KEXP|2002
YBINS73DXR|Black_Stax_-_I_Love_My_Life_Live__KEXP.mp3|I Love My Life Live  KEXP|2003
CFZZ08IAT6|Bogdan_-_03_-_Aerospace_Race.mp3|Aerospace Race|1999
AIB4YK25MI|Bonde_Do_Role_-_Bonde_Do_Role_not-radio-safe_live_set_and_interview.mp3|Bonde Do Role not-radio-safe live set and interview|2000
EFJIO4FUOH|charles_irvin_-_03_-_Indivijimal.mp3|Indivijimal|2001
Y6Z7YE1UKZ|DJ_Danger_Mouse_-_14_-_What_U_Sittin_On_feat_Jemini_Cee_Lo_And_Tha_Alkaholiks.mp3|What U Sittin On feat Jemini Cee Lo And Tha Alkaholiks|2002
UN02PGXK92|Dylan_Hekimian_-_01_-_Battle.mp3|Battle|2003
0JGRPKA2TD|Ergo_Phizmiz_-_02_-_Perez_Prado_Mix.mp3|Perez Prado Mix|1999
OUR2EXVFG7|Ergo_Phizmiz_-_06_-_How_to_Draw_Mix.mp3|How to Draw Mix|2000
WIZA5ICR5L|Jim_Keller_-_01_-_Walk_You_Home.mp3|Walk You Home|2001
OB3JM8IAGS|Jim_Keller_-_02_-_Cali_Girl.mp3|Cali Girl|2002
ZUTZM4Z7EC|Jim_Keller_-_04_-_Heaven_Can_Wait.mp3|Heaven Can Wait|2003
98ZP7Q5E7A|Jim_Keller_-_05_-_Crush_On_You.mp3|Crush On You|1999
6HJHWMQQAM|Lazlo_Supreme_-_01_-_Beep_Beep.mp3|Beep Beep|2000
LP5JZFLEY0|Lazlo_Supreme_-_02_-_Fly_Drexler.mp3|Fly Drexler|2001
YO8QXY2HBQ|Lazlo_Supreme_-_03_-_Skrulls.mp3|Skrulls|2002
FN15JOCHFH|Lazlo_Supreme_-_06_-_What_Makes_You_Happy.mp3|What Makes You Happy|2003
6FII0DOACP|Lazlo_Supreme_-_07_-_King_Of_The_Cafeteria.mp3|King Of The Cafeteria|1999
6TEYMI82DZ|MaiLiT_-_03_-_Be_My_HoT.mp3|Be My HoT|2000
NYPSW25HOI|Mystic_Morrison_Visions_-_05_-_Octopus.mp3|Octopus|2001
GPKN6HDBJR|Reigning_Sound_-_01_-_If_You_Can_t_Give_Me_Everything.mp3|If You Can t Give Me Everything|2002
3U9AG1MQB9|Reigning_Sound_-_14_-_You_Got_Me_Humming.mp3|You Got Me Humming|2003
X1RW4WSK2K|Satellite_4_-_Street_Food_Live__KEXP.mp3|Street Food Live  KEXP|1999
0A9AAI0SDE|Sunbyrn_-_If_I_Wait.mp3|If I Wait|2000
4B7MAZ5YNB|Sunbyrn_-_Scared_of_My_Own_Blood.mp3|Scared of My Own Blood|2001
COYPC9WEYE|Tha_Silent_Partner_-_56_-_Is_Anyone_Listening_Directors_Cut.mp3|Is Anyone Listening Directors Cut|2002
J7KANYSBRF|Tha_Silent_Partner_-_60_-_Afterdark.mp3|Afterdark|2003
23KIR7XI5W|Tha_Silent_Partner_-_64_-_Crazylude.mp3|Crazylude|1999
QNKEJ6MGF1|Tha_Silent_Partner_-_65_-_Seeking_Forgiveness_Dub_Version.mp3|Seeking Forgiveness Dub Version|2000
RW2N0P2IOR|Tha_Silent_Partner_-_66_-_All_The_Time_RIP_MJ__J-Dilla.mp3|All The Time RIP MJ  J-Dilla|2001
10YBBMBZ3I|Tha_Silent_Partner_-_67_-_Starksy_Featuring_Seti_AKA_K9.mp3|Starksy Featuring Seti AKA K9|2002
C9P0R1Y3C7|Tha_Silent_Partner_-_68_-_2_Tha_1s_I_Lost.mp3|2 Tha 1s I Lost|2003
CJ615FEQCA|The_Polish_Ambassador_-_01_-_Vision_Fiberoptics_ft_Sean_Haefeli.mp3|Vision Fiberoptics ft Sean Haefeli|1999
T5WHT3IDD5|The_Polish_Ambassador_-_09_-_Rise_and_Release_ft_Raashan_Ahmad.mp3|Rise and Release ft Raashan Ahmad|2000
SL1DUFVHFP|The_Polish_Ambassador_-_10_-_Koyelia_ft_Peia.mp3|Koyelia ft Peia|2001
EYS7NQDOS3|The_Polish_Ambassador_-_11_-_The_Juiceman_Cometh_ft_Saqi.mp3|The Juiceman Cometh ft Saqi|2002
L9EP65P6XW|The_Polish_Ambassador_-_12_-_Sonido_del_Sol_ft_Ryan_Herr__Saqi.mp3|Sonido del Sol ft Ryan Herr  Saqi|2003
K0YTJY260D|The_Polish_Ambassador_-_13_-_Lost__Found_ft_Mr_Lif__Ayla_Nereo.mp3|Lost  Found ft Mr Lif  Ayla Nereo|1999
6JACJ1RDXF|The_Polish_Ambassador_-_14_-_Ritual_Revival.mp3|Ritual Revival|2000
2L30CSF091|The_Polish_Ambassador_-_15_-_Nobodys_Alone_ft_Yarah_Bravo.mp3|Nobodys Alone ft Yarah Bravo|2001
QNST2XQ8AW|Toussaint_Morrison_-_05_-_Jarvis.mp3|Jarvis|2002
3V66999M5O|Toussaint_Morrison_-_06_-_New_Orleans_Swim_Team.mp3|New Orleans Swim Team|2003
Z8HDY0FVD2|Toussaint_Morrison_-_07_-_GameShark_Tank.mp3|GameShark Tank|1999
1GERKP5JKK|Toussaint_Morrison_-_09_-_Several_Degrees_Of_Death.mp3|Several Degrees Of Death|2000
M41IJWTVNH|Tracky_Birthday_-_06_-_Obligatory_Answering_Machine_Skit.mp3|Obligatory Answering Machine Skit|2001
ZWA4UEFTJM|Zap_Mama_-_03_-_Wadidyusay.mp3|Wadidyusay|2002
XSGNKVY39Y|ZoeLeelA_-_06_-_Silence.mp3|Silence|2003